category,n_events,avg_spx_ret_1d,avg_vix_chg_1d,avg_y10_chg_bps,avg_severity
inflation,12,0.0018790129638763253,-0.1974999999999998,1.3333333333333492,0.21527962989414653
monetary_policy,11,-0.0009377208069281409,0.4709090909090909,0.45454545454544887,0.20818120577803761
