category,n_events,avg_spx_ret_1d,avg_vix_chg_1d,avg_y10_chg_bps,avg_severity
Monetary Policy,41,0.0012711250093945653,-0.08292682926829248,-2.243902439024398,0.3333475289452878
