category,count,mean,median,max
Monetary Policy,41,0.3333475289452878,0.0821883838646896,3.592591098086274
