category,count,mean,median,max
inflation,12,0.21527962989414653,-0.06156254426132022,2.444487630204397
monetary_policy,11,0.20818120577803761,-0.09981428652576267,3.5813839237663054
